Symbol,Name,Exchange,AssetType,IpoDate,DelistingDate,Status
SPY,SP500,NYSE,ETF,2010-07-21,,Active
AADR,AdvisorShares Dorsey Wright ADR ETF,NASDAQ,ETF,2010-07-21,,Active
AAXJ,ISHARES MSCI ALL COUNTRY ASIA EX JAPAN ETF ,NASDAQ,ETF,2008-08-15,,Active
ACP,Aberdeen Income Credit Strategies Fund,NYSE,ETF,2011-01-27,,Active
ACV,Virtus AllianzGI Diversified Income & Convertible Fund,NYSE,ETF,2015-05-22,,Active
ACWI,BTC iShares MSCI ACWI ETF,NASDAQ,ETF,2008-03-28,,Active
ACWX,BTC iShares MSCI ACWI ex US ETF,NASDAQ,ETF,2008-03-31,,Active
ADRE,Invesco BLDRS Emerging Markets 50 ADR Index Fund,NASDAQ,ETF,2002-11-13,,Active
ADX,Adams Diversified Equity Fund,NYSE,ETF,1984-07-19,,Active
AFB,AllianceBernstein National Municipal Income Fund Inc,NYSE,ETF,2002-01-29,,Active
AFT,Apollo Senior Floating Rate Fund Inc,NYSE,ETF,2011-02-25,,Active
AGD,Aberdeen Global Dynamic Dividend Fund,NYSE,ETF,2006-07-27,,Active
AGND,WISDOMTREE NEGATIVE DURATION U.S. AGGREGATE BOND FUND NA,NASDAQ,ETF,2013-12-18,,Active
AGNG,Global X Aging Population ETF,NASDAQ,ETF,2016-05-10,,Active
AGRI,AgriFORCE Growing Systems Ltd,NASDAQ,ETF,2021-07-08,,Active
AGZD,WisdomTree Interest Rate Hedged U.S. Aggregate Bond Fund,NASDAQ,ETF,2013-12-18,,Active
AIA,BTC iShares Asia 50 ETF,NASDAQ,ETF,2007-11-20,,Active
AIF,Apollo Tactical Income Fund Inc,NYSE,ETF,2013-02-26,,Active
AIQ,Global X Artificial Intelligence & Technology ETF,NASDAQ,ETF,2018-05-16,,Active
AIRR,First Trust RBA American Industrial Renaissance ETF,NASDAQ,ETF,2014-03-11,,Active
ALTY,Global X Alternative Income ETF,NASDAQ,ETF,2015-07-14,,Active
ANGL,VanEck Fallen Angel High Yield Bond ETF,NASDAQ,ETF,2012-04-11,,Active
AOD,Aberdeen Total Dynamic Dividend Fund,NYSE,ETF,2007-01-26,,Active
AQWA,GLOBAL X CLEAN WATER ETF ,NASDAQ,ETF,2021-04-12,,Active
ARDC,Ares Dynamic Credit Allocation Fund Inc,NYSE,ETF,2012-11-28,,Active
ASA,ASA Gold and Precious Metals Ltd,NYSE,ETF,1978-01-03,,Active
ASET,FlexShares Real Assets Allocation Index Fund,NASDAQ,ETF,2015-11-24,,Active
ASG,Liberty All-Star Growth Fund Inc,NYSE,ETF,1987-11-05,,Active
AVK,Advent Convertible and Income Fund,NYSE,ETF,2003-04-30,,Active
AWF,AllianceBernstein Global High Income Fund,NYSE,ETF,1993-07-29,,Active
AWP,Aberdeen Global Premier Properties Fund,NYSE,ETF,2007-04-26,,Active
BAF,BlackRock Municipal Income Investment Quality Trust,NYSE,ETF,2002-10-29,,Active
BBF,BlackRock Municipal Income Investment Trust,NYSE,ETF,2001-07-27,,Active
BBH,VanEck Biotech ETF,NASDAQ,ETF,1999-11-23,,Active
BBK,BlackRock Municipal Bond Trust,NYSE,ETF,2002-04-26,,Active
BBN,BlackRock Taxable Municipal Bond Trust,NYSE,ETF,2010-08-30,,Active
BCX,BlackRock Resources & Commodities Strategy Trust,NYSE,ETF,2011-03-29,,Active
BDJ,BlackRock Enhanced Equity Dividend Trust,NYSE,ETF,2005-08-29,,Active
BFIT,GLOBAL X HEALTH & WELLNESS THEMATIC ETF ,NASDAQ,ETF,2016-05-10,,Active
BFK,BlackRock Municipal Income Trust,NYSE,ETF,2001-07-27,,Active
BFO,BlackRock Florida Municipal 2020 Term Tr,NYSE,ETF,2003-09-29,,Active
BFY,BlackRock New York Municipal Income Trust II,NYSE,ETF,2002-07-30,,Active
BFZ,BlackRock California Municipal Income Trust,NYSE,ETF,2001-07-27,,Active
BGB,Blackstone Strategic Credit Fund,NYSE,ETF,2012-09-26,,Active
BGH,Barings Global Short Duration High Yield Fund,NYSE,ETF,2012-10-26,,Active
BGIO,BlackRock 2022 Global Income Opportunity Trust,NYSE,ETF,2017-02-24,,Active
BGR,BlackRock Global Energy Resources Trus,NYSE,ETF,2004-12-23,,Active
BGRN,iShares USD Green Bond ETF,NASDAQ,ETF,2018-11-27,,Active
BGT,BlackRock Floating Rate Income Trust,NYSE,ETF,2004-08-30,,Active
BGX,Blackstone Long-Short Credit Income Fund,NYSE,ETF,2011-01-27,,Active
BGY,BlackRock Enhanced International Dividend Trust,NYSE,ETF,2007-05-25,,Active
BHK,BlackRock Core Bond Trust,NYSE,ETF,2001-11-28,,Active
BHV,BlackRock Virginia Municipal Bond Trust,NYSE,ETF,2002-04-26,,Active
BIB,ProShares Ultra Nasdaq Biotechnology,NASDAQ,ETF,2010-04-08,,Active
BICK,FIRST TRUST BICK INDEX FUND ,NASDAQ,ETF,2010-04-13,,Active
BIF,Boulder Growth & Income Fund Inc,NYSE,ETF,1988-01-05,,Active
BIS,ProShares UltraShort Nasdaq Biotechnology,NASDAQ,ETF,2010-04-08,,Active
BIT,BlackRock Multi-Sector Income Trust,NYSE,ETF,2013-02-26,,Active
BITS,GLOBAL X BLOCKCHAIN & BITCOIN STRATEGY ETF ,NASDAQ,ETF,2021-11-16,,Active
BJK,VanEck Gaming ETF,NASDAQ,ETF,2008-01-24,,Active
BKCH,Global X Blockchain ETF,NASDAQ,ETF,2021-07-14,,Active
BKK,Blackrock Municipal 2020 Term Trust,NYSE,ETF,2003-09-29,,Active
BKN,BlackRock Investment Quality Municipal Trust,NYSE,ETF,1993-02-23,,Active
BKT,BlackRock Income Trust Inc,NYSE,ETF,1988-07-25,,Active
BLCN,Siren Nasdaq NexGen Economy ETF,NASDAQ,ETF,2018-01-17,,Active
BLE,BlackRock Municipal Income Trust II,NYSE,ETF,2002-07-30,,Active
BLW,BlackRock Ltd Duration Income Trust,NYSE,ETF,2003-07-29,,Active
BME,BlackRock Health Sciences Trust,NYSE,ETF,2005-03-29,,Active
BND,Vanguard Total Bond Market ETF,NASDAQ,ETF,2007-04-10,,Active
BNDW,Vanguard Total World Bond ETF,NASDAQ,ETF,2018-09-06,,Active
BNDX,Vanguard Total International Bond ETF,NASDAQ,ETF,2013-06-04,,Active
BNY,BlackRock New York Municipal Income Trust,NYSE,ETF,2001-07-27,,Active
BOE,BlackRock Enhanced Global Dividend Trust,NYSE,ETF,2005-05-26,,Active
BOTZ,Global X Funds Global X Robotics & Artificial Intelligence ETF,NASDAQ,ETF,2016-09-13,,Active
BQH,BlackRock New York Municipal Bond Trust,NYSE,ETF,2002-04-26,,Active
BSBE,Invesco BulletShares 2022 USD Emerging Markets Debt ETF,NASDAQ,ETF,2018-10-10,,Active
BSCE,INVESCO BULLETSHARES 2023 USD EMERGING MARKETS DEBT ETF ,NASDAQ,ETF,2018-10-10,,Active
BSCM,Invesco BulletShares 2022 Corporate Bond ETF,NASDAQ,ETF,2013-07-17,,Active
BSCN,Invesco BulletShares 2023 Corporate Bond ETF,NASDAQ,ETF,2014-09-17,,Active
BSCO,Invesco BulletShares 2024 Corporate Bond ETF,NASDAQ,ETF,2014-09-19,,Active
BSCP,Invesco BulletShares 2025 Corporate Bond ETF,NASDAQ,ETF,2015-10-09,,Active
BSCQ,Invesco BulletShares 2026 Corporate Bond ETF,NASDAQ,ETF,2016-09-16,,Active
BSCR,Invesco BulletShares 2027 Corporate Bond ETF,NASDAQ,ETF,2017-09-27,,Active
BSCS,INVESCO BULLETSHARES 2028 CORPORATE BOND ETF ,NASDAQ,ETF,2018-08-09,,Active
BSCT,Invesco BulletShares 2029 Corporate Bond ETF,NASDAQ,ETF,2019-09-12,,Active
BSCU,INVESCO BULLETSHARES 2030 CORPORATE BOND ETF ,NASDAQ,ETF,2020-09-17,,Active
BSCV,Invesco BulletShares 2031 Corporate Bond ETF,NASDAQ,ETF,2021-09-16,,Active
BSD,BlackRock Strategic Municipal Trust,NYSE,ETF,1999-08-25,,Active
BSDE,INVESCO BULLETSHARES 2024 USD EMERGING MARKETS DEBT ETF ,NASDAQ,ETF,2018-10-19,,Active
BSE,BlackRock New York Municipal Income Quality Trust,NYSE,ETF,2002-10-29,,Active
BSJM,Invesco BulletShares 2022 High Yield Corporate Bond ETF,NASDAQ,ETF,2014-09-17,,Active
BSJN,Invesco BulletShares 2023 High Yield Corporate Bond ETF,NASDAQ,ETF,2015-10-14,,Active
BSJO,Invesco BulletShares 2024 High Yield Corporate Bond ETF,NASDAQ,ETF,2016-09-14,,Active
BSJP,Invesco BulletShares 2025 High Yield Corporate Bond ETF,NASDAQ,ETF,2017-09-27,,Active
BSJQ,Invesco BulletShares 2026 High Yield Corporate Bond ETF,NASDAQ,ETF,2018-08-09,,Active
BSJR,INVESCO BULLETSHARES 2027 HIGH YIELD CORPORATE BOND ETF ,NASDAQ,ETF,2019-09-12,,Active
BSJS,Invesco BulletShares 2028 High Yield Corporate Bond ETF,NASDAQ,ETF,2020-09-16,,Active
BSJT,Invesco BulletShares 2029 High Yield Corporate Bond ETF,NASDAQ,ETF,2021-09-15,,Active
BSL,Blackstone Senior Floating Rate Term Fund,NYSE,ETF,2010-05-26,,Active
BSMM,Invesco BulletShares 2022 Municipal Bond ETF,NASDAQ,ETF,2019-09-27,,Active
BSMN,INVESCO BULLETSHARES 2023 MUNICIPAL BOND ETF ,NASDAQ,ETF,2019-09-26,,Active
BSMO,INVESCO BULLETSHARES 2024 MUNICIPAL BOND ETF ,NASDAQ,ETF,2019-09-26,,Active
BSMP,Invesco BulletShares 2025 Municipal Bond ETF,NASDAQ,ETF,2019-09-26,,Active
BSMQ,INVESCO BULLETSHARES 2026 MUNICIPAL BOND ETF ,NASDAQ,ETF,2019-09-26,,Active
BSMR,INVESCO BULLETSHARES 2027 MUNICIPAL BOND ETF ,NASDAQ,ETF,2019-09-26,,Active
BSMS,INVESCO BULLETSHARES 2028 MUNICIPAL BOND ETF ,NASDAQ,ETF,2019-09-26,,Active
BSMT,INVESCO BULLETSHARES 2029 MUNICIPAL BOND ETF ,NASDAQ,ETF,2019-09-25,,Active
BSMU,INVESCO BULLETSHARES 2030 MUNICIPAL BOND ETF ,NASDAQ,ETF,2020-10-12,,Active
BSMV,Invesco BulletShares 2031 Municipal Bond ETF,NASDAQ,ETF,2021-09-21,,Active
BST,BlackRock Science and Technology Trust,NYSE,ETF,2014-10-29,,Active
BTA,BlackRock LongTerm Municipal Advantage Trust,NYSE,ETF,2006-02-27,,Active
BTEC,Principal Healthcare Innovators ETF,NASDAQ,ETF,2016-08-22,,Active
BTF,VALKYRIE BITCOIN STRATEGY ETF ,NASDAQ,ETF,2021-10-22,,Active
BTO,John Hancock Financial Opportunities Fund,NYSE,ETF,1994-08-17,,Active
BTT,BlackRock Municipal 2030 Target Term Trust,NYSE,ETF,2012-08-30,,Active
BTZ,BlackRock Credit Allocation Income Trust,NYSE,ETF,2006-12-22,,Active
BUG,Global X Cybersecurity ETF,NASDAQ,ETF,2019-10-31,,Active
BUI,BlackRock Utility Infrastructure & Power Opportunities Trust,NYSE,ETF,2011-11-23,,Active
BWG,BrandywineGLOBAL - Global Income Opportunities Fund Inc,NYSE,ETF,2012-03-28,,Active
BXMX,Nuveen SP 500 BuyWrite Income Fund,NYSE,ETF,2004-10-27,,Active
BYM,BlackRock Municipal Income Quality Trust,NYSE,ETF,2002-10-29,,Active
BZM,BlackRock Maryland Municipal Bond Trust,NYSE,ETF,2002-04-26,,Active
CACG,ClearBridge All Cap Growth ESG ETF,NASDAQ,ETF,2017-05-04,,Active
CAF,Morgan Stanley China A Share Fund Inc,NYSE,ETF,2006-09-28,,Active
CARZ,First Trust S-Network Future Vehicles & Technology ETF,NASDAQ,ETF,2011-05-10,,Active
CATH,Global X S&P 500 Catholic Values ETF,NASDAQ,ETF,2016-04-19,,Active
CBH,Virtus AllianzGI Convertible & Income 2024 Target Term Fund,NYSE,ETF,2017-06-28,,Active
CCD,Calamos Dynamic Convertible and Income Fund,NASDAQ,ETF,2015-03-27,,Active
CDC,VictoryShares US EQ Income Enhanced Volatility Wtd ETF,NASDAQ,ETF,2014-07-02,,Active
CDL,VictoryShares US Large Cap High Div Volatility Wtd ETF,NASDAQ,ETF,2015-07-08,,Active
CEE,Central and Eastern Europe Fund Inc (The),NYSE,ETF,1990-02-28,,Active
CEFA,Global X S&P Catholic Values Developed ex-U.S. ETF,NASDAQ,ETF,2020-06-24,,Active
CEM,ClearBridge MLP and Midstream Fund Inc,NYSE,ETF,2010-06-25,,Active
CEN,Center Coast Brookfield MLP & Energy Infrastructure Fund,NYSE,ETF,2013-09-26,,Active
CEY,VICTORYSHARES EMERGING MARKET HIGH DIV VOLATILITY WTD ETF ,NASDAQ,ETF,2017-10-26,,Active
CFA,VictoryShares US 500 Volatility Wtd ETF,NASDAQ,ETF,2014-07-02,,Active
CFO,VictoryShares US 500 Enhanced Volatility Wtd ETF,NASDAQ,ETF,2014-07-02,,Active
CGO,Calamos Global Total Return Fund,NASDAQ,ETF,2005-10-27,,Active
CHB,GLOBAL X CHINA BIOTECH INNOVATION ETF ,NASDAQ,ETF,2020-09-25,,Active
CHI,Calamos Convertible Opportunities and Income Fund,NASDAQ,ETF,2002-06-27,,Active
CHN,China Fund Inc,NYSE,ETF,1992-07-10,,Active
CHNA,Loncar China BioPharma ETF,NASDAQ,ETF,2016-01-04,,Active
CHW,Calamos Global Dynamic Income Fund,NASDAQ,ETF,2007-07-26,,Active
CHY,Calamos Convertible Hi Income Fund,NASDAQ,ETF,2003-05-29,,Active
CIBR,First Trust NASDAQ Cybersecurity ETF,NASDAQ,ETF,2015-07-07,,Active
CID,VICTORYSHARES INTERNATIONAL HIGH DIV VOLATILITY WTD ETF ,NASDAQ,ETF,2015-08-20,,Active
CIF,MFS Intermediate High Income Fund,NYSE,ETF,1988-10-05,,Active
CII,BlackRock Enhanced Capital and Income Fd,NYSE,ETF,2004-05-26,,Active
CIL,VICTORYSHARES INTERNATIONAL VOLATILITY WTD ETF ,NASDAQ,ETF,2015-08-20,,Active
CIZ,VICTORYSHARES DEVELOPED ENHANCED VOLATILITY WTD ETF ,NASDAQ,ETF,2014-10-01,,Active
CLOU,Global X Cloud Computing ETF,NASDAQ,ETF,2019-04-16,,Active
CLRG,IQ CHAIKIN U.S. LARGE CAP ETF ,NASDAQ,ETF,2017-12-13,,Active
CMU,MFS High Yield Municipal Trust,NYSE,ETF,1987-03-19,,Active
CNCR,ETCT Loncar Cancer Immunotherapy ETF,NASDAQ,ETF,2015-10-14,,Active
COMT,iShares GSCI Commodity Dynamic Roll Strategy ETF,NASDAQ,ETF,2014-10-16,,Active
CSA,VICTORYSHARES US SMALL CAP VOLATILITY WTD ETF ,NASDAQ,ETF,2015-07-08,,Active
CSB,VictoryShares US Small Cap High Div Volatility Wtd ETF,NASDAQ,ETF,2015-07-08,,Active
CSF,VICTORYSHARES US DISCOVERY ENHANCED VOLATILITY WTD ETF ,NASDAQ,ETF,2014-08-01,,Active
CSML,IQ Chaikin U.S. Small Cap ETF,NASDAQ,ETF,2017-05-16,,Active
CSQ,Calamos Strategic Total Return Fund,NASDAQ,ETF,2004-04-01,,Active
CTEC,GLOBAL X CLEANTECH ETF ,NASDAQ,ETF,2020-10-29,,Active
CTR,ClearBridge MLP and Midstream Total Return Fund Inc,NYSE,ETF,2012-06-27,,Active
CUBA,Herzfeld Caribbean Basin Fund Inc,NASDAQ,ETF,1994-05-27,,Active
CXE,MFS High Income Municipal Trust,NYSE,ETF,1989-06-30,,Active
CXH,MFS Investment Grade Municipal Trust,NYSE,ETF,1989-06-30,,Active
CXSE,WisdomTree China ex-State-Owned Enterprises Fund,NASDAQ,ETF,2012-09-20,,Active
DALI,First Trust Dorsey Wright DALI 1 ETF,NASDAQ,ETF,2018-05-15,,Active
DAPP,VanEck Digital Transformation ETF,NASDAQ,ETF,2021-04-14,,Active
DAX,Global X DAX Germany ETF,NASDAQ,ETF,2014-10-23,,Active
DBL,DoubleLine Opportunistic Credit Fund,NYSE,ETF,2012-01-27,,Active
DCF,BNY Mellon Alcentra Global Credit Income 2024 Target Term Fund Inc,NYSE,ETF,2017-10-27,,Active
DDF,Delaware Investments Dividend and Income Fund Inc,NYSE,ETF,1994-10-27,,Active
DDIV,First Trust Dorsey Wright Momentum & Dividend ETF,NASDAQ,ETF,2014-03-11,,Active
DEMZ,Democratic Large Cap Core ETF,NASDAQ,ETF,2020-11-03,,Active
DEX,Delaware Enhanced Global Dividend Income Fund,NYSE,ETF,2007-07-26,,Active
DFP,Flaherty & Crumrine Dynamic Preferred and Income Fund Inc,NYSE,ETF,2013-05-24,,Active
DGRE,WISDOMTREE EMERGING MARKETS QUALITY DIVIDEND GROWTH FUND N/A,NASDAQ,ETF,2013-08-01,,Active
DGRS,WisdomTree U.S. SmallCap Quality Dividend Growth Fund,NASDAQ,ETF,2013-07-25,,Active
DGRW,WisdomTree U.S. Quality Dividend Growth Fund,NASDAQ,ETF,2013-05-22,,Active
DHF,Dreyfus High Yield Strategies Fund,NYSE,ETF,1998-04-27,,Active
DIAX,Nuveen Dow 30SM Dynamic Overwrite Fund,NYSE,ETF,2014-12-03,,Active
DMAT,Global X Disruptive Materials ETF,NASDAQ,ETF,2022-01-26,,Active
DMB,BNY Mellon Municipal Bond Infrastructure Fund Inc,NYSE,ETF,2013-04-26,,Active
DMO,Western Asset Mrtg Defined Oppn Fund Inc,NYSE,ETF,2010-02-24,,Active
DMXF,iShares ESG Advanced MSCI EAFE ETF,NASDAQ,ETF,2020-06-18,,Active
DNI,Dividend And Income Fund Inc,NYSE,ETF,1998-06-24,,Active
DNP,DNP Select Income Fund Inc,NYSE,ETF,1987-01-21,,Active
DPG,Duff & Phelps Utility and Infrastructure Fund Inc,NYSE,ETF,2011-08-01,,Active
DRIV,Global X Autonomous & Electric Vehicles ETF,NASDAQ,ETF,2018-04-17,,Active
DSE,Duff & Phelps Select MLP and Midstream Energy Fund Inc,NYSE,ETF,2014-06-26,,Active
DSL,Doubleline Income Solutions Fund,NYSE,ETF,2013-04-26,,Active
DSM,BNY Mellon Strategic Municipal Bond Fund Inc,NYSE,ETF,1990-01-11,,Active
DSPC,The De-SPAC ETF,NASDAQ,ETF,2021-05-19,,Active
DSU,BlackRock Debt Strategies Fund Inc,NYSE,ETF,1998-03-30,,Active
DTF,DTF Tax-Free Income 2028 Term Fund Inc,NYSE,ETF,1991-11-22,,Active
DUC,Duff & Phelps Utility & Corporate Bond Trust,NYSE,ETF,1994-10-27,,Active
DVLU,First Trust Dorsey Wright Momentum & Value ETF,NASDAQ,ETF,2018-09-07,,Active
DVOL,First Trust Dorsey Wright Momentum & Low Volatility ETF,NASDAQ,ETF,2018-09-07,,Active
DVY,BTC iShares Select Dividend ETF,NASDAQ,ETF,2003-11-07,,Active
DWAS,Invesco DWA SmallCap Momentum ETF,NASDAQ,ETF,2012-07-19,,Active
DWAT,ARROW DWA TACTICAL: MACRO ETF ,NASDAQ,ETF,2014-10-01,,Active
DWAW,AdvisorShares Dorsey Wright FSM All Cap World ETF,NASDAQ,ETF,2019-12-27,,Active
DWCR,Arrow DWA Tactical: International ETF,NASDAQ,ETF,2017-12-29,,Active
DWEQ,ADVISORSHARES DORSEY WRIGHT ALPHA EQUAL WEIGHT ETF ,NASDAQ,ETF,2019-12-27,,Active
DWMC,ADVISORSHARES DORSEY WRIGHT MICRO-CAP ETF ,NASDAQ,ETF,2018-07-11,,Active
DWPP,FIRST TRUST DORSEY WRIGHT PEOPLE'S PORTFOLIO ETF ,NASDAQ,ETF,2012-08-30,,Active
DWSH,AdvisorShares Dorsey Wright Short ETF,NASDAQ,ETF,2018-07-11,,Active
DWUS,ADVISORSHARES DORSEY WRIGHT FSM US CORE ETF ,NASDAQ,ETF,2019-12-27,,Active
DXGE,WISDOMTREE GERMANY HEDGED EQUITY FUND N/A,NASDAQ,ETF,2013-10-17,,Active
DXJS,WISDOMTREE JAPAN HEDGED SMALLCAP EQUITY FUND N/A,NASDAQ,ETF,2013-06-28,,Active
EBIZ,Global X E-commerce ETF,NASDAQ,ETF,2018-11-30,,Active
ECC,Eagle Point Credit Company Inc,NYSE,ETF,2014-10-08,,Active
ECOW,Pacer Emerging Markets Cash Cows 100 ETF,NASDAQ,ETF,2019-05-06,,Active
EDD,Morgan Stanley Emerging Markets Domestic Debt Fund Inc,NYSE,ETF,2007-04-24,,Active
EDF,Stone Harbor Emerging Markets Income Fund,NYSE,ETF,2010-12-27,,Active
EDI,Stone Harbor Emerging Markets Total Income Fund,NYSE,ETF,2012-10-26,,Active
EDOC,Global X Telemedicine & Digital Health ETF,NASDAQ,ETF,2020-07-30,,Active
EDUT,Global X Education ETF,NASDAQ,ETF,2020-07-14,,Active
EEA,European Equity Fund Inc,NYSE,ETF,1987-11-05,,Active
EEMA,ISHARES MSCI EMERGING MARKETS ASIA ETF ,NASDAQ,ETF,2012-02-09,,Active
EFAS,GLOBAL X MSCI SUPERDIVIDEND EAFE ETF ,NASDAQ,ETF,2016-11-16,,Active
EFF,Eaton Vance FloatingRate Income Plus Fund,NYSE,ETF,2013-06-26,,Active
EFL,Eaton Vance Floating-Rate 2022 Target Term Trust,NYSE,ETF,2017-07-27,,Active
EFR,Eaton Vance Senior FloatingRate Fund,NYSE,ETF,2003-11-25,,Active
EFT,Eaton Vance Floating-Rate Income Trust,NYSE,ETF,2004-07-26,,Active
EGF,BlackRock Enhanced Government Fund Inc,NYSE,ETF,2005-10-27,,Active
EGIF,Eagle Growth Income Opportunities Fund Com Shs Of Ben Int,NYSE,ETF,2015-06-19,,Active
EHI,Western Asset Global High Income Fund Inc,NYSE,ETF,2003-07-29,,Active
EHT,Eaton Vance 2021 Target Term Trust,NYSE,ETF,2016-05-26,,Active
EMB,BTC iShares J.P. Morgan USD Emerging Markets Bond ETF,NASDAQ,ETF,2007-12-19,,Active
EMCB,WISDOMTREE EMERGING MARKETS CORPORATE BOND FUND N/A,NASDAQ,ETF,2012-03-08,,Active
EMD,Wstrn Asst Emrgng Mrkts Incm Fnd Inc,NYSE,ETF,2003-12-02,,Active
EMF,Templeton Emerging Markets Fund,NYSE,ETF,1990-01-11,,Active
EMIF,BTC iShares Emerging Markets Infrastructure ETF,NASDAQ,ETF,2009-06-19,,Active
EMO,ClearBridge Energy Midstream Opportunity Fund Inc,NYSE,ETF,2011-06-14,,Active
EMXC,IShares MSCI Emerging Markets ex China ETF,NASDAQ,ETF,2017-07-26,,Active
EMXF,iShares ESG Advanced MSCI EM ETF,NASDAQ,ETF,2020-10-13,,Active
ENZL,iShares MSCI New Zealand ETF,NASDAQ,ETF,2010-09-02,,Active
EOD,Allspring Global Dividend Opportunity Fund,NYSE,ETF,2007-03-28,,Active
EOI,Eaton Vance Enhanced Equity Income Fund,NYSE,ETF,2004-10-27,,Active
EOS,Eaton Vance Enhanced Equity Income Fund II,NYSE,ETF,2005-01-27,,Active
EOT,Eaton Vance National Municipal Opportunities Trust,NYSE,ETF,2009-05-27,,Active
EQRR,ProShares Equities for Rising Rates ETF,NASDAQ,ETF,2017-07-25,,Active
ERO,iPath EURUSD Exchange Rate ETN,NYSE,ETF,2007-12-27,,Active
ESGD,iShares Trust iShares ESG Aware MSCI EAFE ETF,NASDAQ,ETF,2016-06-30,,Active
ESGE,iShare Inc iShares ESG Aware MSCI EM ETF,NASDAQ,ETF,2016-07-20,,Active
ESGU,iShares Trust iShares ESG Aware MSCI USA ETF,NASDAQ,ETF,2016-12-06,,Active
ESMV,ISHARES ESG MSCI USA MIN VOL FACTOR ETF ,NASDAQ,ETF,2021-11-04,,Active
ESPO,VanEck Video Gaming and eSports ETF,NASDAQ,ETF,2018-10-17,,Active
ETB,Eaton Vance Tax-Managed Buy-Write Income Fund,NYSE,ETF,2005-04-27,,Active
ETG,Eaton Vance TaxAdvantaged Global Dividend Income Fund,NYSE,ETF,2004-01-29,,Active
ETJ,Eaton Vance Risk-Managed Diversified Equity Income Fund,NYSE,ETF,2007-07-27,,Active
ETO,Eaton Vance Tax-Advantaged Global Dividend Opportunities Fund,NYSE,ETF,2004-05-26,,Active
ETV,Eaton Vance Tax-Managed Buy-Write Opportunities Fund,NYSE,ETF,2005-06-28,,Active
ETW,Eaton Vance Tax-Managed Global Buy-Write Opportunities Fund,NYSE,ETF,2005-11-21,,Active
ETX,Eaton Vance Municipal Income 2028 Term Trust,NYSE,ETF,2013-03-26,,Active
ETY,Eaton Vance Tax Managed Diversified Eq,NYSE,ETF,2006-11-28,,Active
EUFN,BTC iShares MSCI Europe Financials ETF,NASDAQ,ETF,2010-02-03,,Active
EVF,Eaton Vance Senior Income Trust,NYSE,ETF,1998-10-28,,Active
EVG,Eaton Vance Short Duration Diversified Income Fund,NYSE,ETF,2005-02-24,,Active
EVN,Eaton Vance Municipal Income Trust,NYSE,ETF,1999-01-27,,Active
EVT,Eaton VTaxAdvantaged Dividend Inc Fund,NYSE,ETF,2003-09-26,,Active
EWEB,Global X Emerging Markets Internet & E-commerce ETF,NASDAQ,ETF,2020-11-11,,Active
EWJE,ISHARES MSCI JAPAN EQUAL WEIGHTED ETF ,NASDAQ,ETF,2019-03-07,,Active
EWJV,iShares MSCI Japan Value ETF,NASDAQ,ETF,2019-03-07,,Active
EWZS,ISHARES MSCI BRAZIL SMALL-CAP ETF ,NASDAQ,ETF,2010-09-29,,Active
EXD,Eaton Vance TaxAdv Bnd Optn Strtgs Fd,NYSE,ETF,2010-06-25,,Active
EXG,Eaton Vance TaxManaged Global Dive Eq,NYSE,ETF,2007-04-23,,Active
FAAR,First Trust Alternative Absolute Return Strategy ETF,NASDAQ,ETF,2016-05-23,,Active
FAB,First Trust Multi Cap Value AlphaDEX Fund,NASDAQ,ETF,2007-05-23,,Active
FAD,First Trust Multi Cap Growth AlphaDEX Fund,NASDAQ,ETF,2007-05-11,,Active
FALN,iShares Fallen Angels USD Bond ETF,NASDAQ,ETF,2016-06-17,,Active
FAM,First Trust-Aberdeen Global Opportunity Income Fund,NYSE,ETF,2004-11-24,,Active
FBZ,FIRST TRUST BRAZIL ALPHADEX FUND ,NASDAQ,ETF,2011-04-19,,Active
FCA,FIRST TRUST CHINA ALPHADEX FUND ,NASDAQ,ETF,2011-04-21,,Active
FCAL,FIRST TRUST CALIFORNIA MUNICIPAL HIGH INCOME ETF ,NASDAQ,ETF,2017-06-27,,Active
FCEF,First Trust Income Opportunities ETF,NASDAQ,ETF,2016-09-29,,Active
FCT,First Trust Senior Floting Rate Income Fund II,NYSE,ETF,2004-05-26,,Active
FCVT,FIRST TRUST SSI STRATEGIC CONVERTIBLE SECURITIES ETF ,NASDAQ,ETF,2015-11-04,,Active
FDEU,First Trust Dynamic Europe Equity Income Fund,NYSE,ETF,2015-09-25,,Active
FDNI,FIRST TRUST DOW JONES INTERNATIONAL INTERNET ETF ,NASDAQ,ETF,2018-11-07,,Active
FDT,First Trust Developed Markets ex-US AlphaDEX Fund,NASDAQ,ETF,2011-04-19,,Active
FDTS,FIRST TRUST DEVELOPED MARKETS EX-US SMALL CAP ALPHADEX FUND ,NASDAQ,ETF,2012-02-16,,Active
FEI,First Trust MLP and Energy Income Fund,NYSE,ETF,2012-11-28,,Active
FEM,FIRST TRUST EMERGING MARKETS ALPHADEX FUND ,NASDAQ,ETF,2011-04-19,,Active
FEMB,First Trust Emerging Markets Local Currency Bond ETF,NASDAQ,ETF,2014-11-05,,Active
FEMS,FIRST TRUST EMERGING MARKETS SMALL CAP ALPHADEX FUND ,NASDAQ,ETF,2012-02-17,,Active
FEO,First Trust-Aberdeen Emerging Opportunity Fund,NYSE,ETF,2006-08-31,,Active
FEP,First Trust Europe AlphaDEX Fund,NASDAQ,ETF,2011-04-26,,Active
FEUZ,FIRST TRUST EUROZONE ALPHADEX ETF ,NASDAQ,ETF,2014-10-27,,Active
FEX,First Trust Large Cap Core AlphaDEX Fund,NASDAQ,ETF,2007-05-10,,Active
FFA,First Trust Enhanced Equity Income Fund,NYSE,ETF,2004-08-27,,Active
FFC,Flaherty & Crumrine Preferred and Income Securities Fund Inc,NYSE,ETF,2003-01-30,,Active
FGB,First Trust Spclty Fin Fncl Opptnts Fd,NYSE,ETF,2007-05-25,,Active
FGM,First Trust Germany AlphaDEX Fund,NASDAQ,ETF,2012-02-17,,Active
FICS,First Trust International Developed Capital Strength ETF,NASDAQ,ETF,2020-12-16,,Active
FID,First Trust S&P International Dividend Aristocrats ETF,NASDAQ,ETF,2018-08-29,,Active
FIF,First Trust Energy Infrastructure Fund,NYSE,ETF,2011-09-28,,Active
FINX,Global X Funds Global X FinTech ETF,NASDAQ,ETF,2016-09-13,,Active
FIV,First Trust Senior Floating Rate 2022 Target Term Fund,NYSE,ETF,2016-12-22,,Active
FIVR,STRATEGY SHARES NASDAQ 5HANDL(TM) INDEX ETF ,NASDAQ,ETF,2021-12-29,,Active
FIXD,First Trust TCW Opportunistic Fixed Income ETF,NASDAQ,ETF,2017-02-15,,Active
FJP,FIRST TRUST JAPAN ALPHADEX FUND ,NASDAQ,ETF,2011-04-26,,Active
FKU,FIRST TRUST UNITED KINGDOM ALPHADEX FUND ,NASDAQ,ETF,2012-02-27,,Active
FLC,Flaherty & Crumrine Total Return Fund Inc,NYSE,ETF,2003-10-09,,Active
FLN,First Trust Latin America AlphaDEX Fund,NASDAQ,ETF,2011-04-20,,Active
FMB,First Trust Managed Municipal ETF,NASDAQ,ETF,2014-05-15,,Active
FMHI,First Trust Municipal High Income ETF,NASDAQ,ETF,2017-11-03,,Active
FMN,Federated Hermes Premier Municipal Income Fund,NYSE,ETF,2002-12-20,,Active
FMO,Fiduciary/Claymore Energy Infrastructure Fund,NYSE,ETF,2004-12-23,,Active
FMY,First TrustFIDAC Mortgage Income Fund,NYSE,ETF,2005-05-26,,Active
FNK,First Trust Mid Cap Value AlphaDEX Fund,NASDAQ,ETF,2011-04-20,,Active
FNX,First Trust Mid Cap Core AlphaDEX Fund,NASDAQ,ETF,2007-05-10,,Active
FNY,First Trust Mid Cap Growth AlphaDEX Fund,NASDAQ,ETF,2011-04-20,,Active
FOF,Cohen & Steers Closed-End Opportunity Fund Inc,NYSE,ETF,2006-11-28,,Active
FPA,FIRST TRUST ASIA PACIFIC EX-JAPAN ALPHADEX FUND ,NASDAQ,ETF,2011-04-20,,Active
FPF,First Trust Intermediate Duration Preferred and Income Fund,NYSE,ETF,2013-05-24,,Active
FPL,First Trust New Opportunities MLP & Energy Fund,NYSE,ETF,2014-03-27,,Active
FPXE,FIRST TRUST IPOX EUROPE EQUITY OPPORTUNITIES ETF ,NASDAQ,ETF,2018-10-05,,Active
FPXI,First Trust International Equity Opportunities ETF,NASDAQ,ETF,2014-11-07,,Active
FRA,Blackrock Floating Rate Income Strategies Fund Inc,NYSE,ETF,2003-10-29,,Active
FSD,First Trust High Income Long Short Fund,NYSE,ETF,2010-09-28,,Active
FSZ,FIRST TRUST SWITZERLAND ALPHADEX FUND ,NASDAQ,ETF,2012-02-16,,Active
FT,Franklin Universal Trust,NYSE,ETF,1989-06-30,,Active
FTA,First Trust Large Capital Value AlphaDEX Fund,NASDAQ,ETF,2007-05-24,,Active
FTAG,First Trust Indxx Global Agriculture ETF,NASDAQ,ETF,2010-03-12,,Active
FTC,First Trust Large Capital Growth AlphaDEX Fund,NASDAQ,ETF,2007-05-11,,Active
FTCS,First Trust Capital Strength ETF,NASDAQ,ETF,2006-07-11,,Active
FTGC,First Trust Global Tactical Commodity Strategy Fund,NASDAQ,ETF,2013-10-23,,Active
FTHI,FIRST TRUST BUYWRITE INCOME ETF ,NASDAQ,ETF,2014-01-07,,Active
FTLB,FIRST TRUST HEDGED BUYWRITE INCOME ETF ,NASDAQ,ETF,2014-01-07,,Active
FTRI,First Trust Indxx Global Natural Resources Income ETF,NASDAQ,ETF,2015-12-21,,Active
FTSL,First Trust Senior Loan Fund ETF,NASDAQ,ETF,2013-05-02,,Active
FTSM,First Trust Enhanced Short Maturity ETF,NASDAQ,ETF,2014-08-06,,Active
FTXG,First Trust Nasdaq Food & Beverage ETF,NASDAQ,ETF,2016-10-10,,Active
FTXH,FIRST TRUST NASDAQ PHARMACEUTICALS ETF ,NASDAQ,ETF,2016-09-22,,Active
FTXL,First Trust Nasdaq Semiconductor ETF,NASDAQ,ETF,2016-09-21,,Active
FTXN,First Trust Nasdaq Oil & Gas ETF,NASDAQ,ETF,2016-09-23,,Active
FTXO,First Trust Nasdaq Bank ETF,NASDAQ,ETF,2016-10-07,,Active
FTXR,First Trust Nasdaq Transportation ETF,NASDAQ,ETF,2016-09-22,,Active
FV,First Trust Dorsey Wright Focus 5 ETF,NASDAQ,ETF,2014-03-06,,Active
FVC,First Trust Dorsey Wright Dynamic Focus 5 ETF,NASDAQ,ETF,2016-03-18,,Active
FYC,First Trust Small Cap Growth AlphaDEX Fund,NASDAQ,ETF,2011-04-20,,Active
FYT,First Trust Small Cap Value AlphaDEX Fund,NASDAQ,ETF,2011-04-20,,Active
FYX,First Trust Small Cap Core AlphaDEX Fund,NASDAQ,ETF,2007-05-10,,Active
GAB,Gabelli Equity Trust Inc,NYSE,ETF,1987-11-05,,Active
GAM,General American Investors Co. Inc,NYSE,ETF,1985-07-01,,Active
GBAB,Guggenheim Taxbl Muni Bnd & Invtmnt Grd Debt Trst Com Shrs Of benf Int,NYSE,ETF,2010-10-28,,Active
GCV,Gabelli Convertible Income Securities,NYSE,ETF,1995-03-31,,Active
GDL,GDL Fund,NYSE,ETF,2007-04-23,,Active
GDO,Western Asset Global Corporate Defined Opportunity Fund Inc,NYSE,ETF,2009-11-24,,Active
GDV,Gabelli Dividend & Income Trust,NYSE,ETF,2003-11-25,,Active
GENY,Principal Millennials ETF,NASDAQ,ETF,2016-08-22,,Active
GER,Goldman Sachs MLP and Energy Renaissance Fund,NYSE,ETF,2014-09-26,,Active
GF,New Germany Fund Inc,NYSE,ETF,1990-01-25,,Active
GFGF,Guru Favorite Stocks ETF,NASDAQ,ETF,2021-12-16,,Active
GFY,Western Asset Vrble Rate Strtgc Fnd Inc,NYSE,ETF,2004-10-27,,Active
GGM,Guggenheim Credit Allocation Fund,NYSE,ETF,2013-06-26,,Active
GGT,Gabelli Multimedia Trust Inc,NYSE,ETF,1994-12-19,,Active
GGZ,Gabelli Global Small and Mid Cap Value Trust,NYSE,ETF,2014-07-03,,Active
GHY,PGIM Global High Yield Fund Inc,NYSE,ETF,2012-12-24,,Active
GIGE,SOFI GIG ECONOMY ETF ,NASDAQ,ETF,2019-05-08,,Active
GIM,Templeton Global Income Fund Inc,NYSE,ETF,1988-03-17,,Active
GLDI,Credit Suisse AG Nassau Branch,NASDAQ,ETF,2013-01-29,,Active
GMZ,Goldman Sachs MLP Income Opportunities Fund Com Shs,NYSE,ETF,2013-11-26,,Active
GNMA,BTC iShares GNMA Bond ETF,NASDAQ,ETF,2012-02-21,,Active
GNOM,Global X Genomics & Biotechnology ETF,NASDAQ,ETF,2019-04-10,,Active
GNT,GAMCO Natural Resources Gold & Income Trust,NYSE,ETF,2011-01-27,,Active
GOF,Guggenheim Strategic Opportunities Fund,NYSE,ETF,2007-07-27,,Active
GPM,Guggenheim Enhanced Equity Income Fund,NYSE,ETF,2005-08-26,,Active
GRID,First Trust NASDAQ Clean Edge Smart Grid Infrastructure Index Fund,NASDAQ,ETF,2009-11-17,,Active
GRX,Gabelli Healthcare & WellnessRx Trust,NYSE,ETF,2007-06-19,,Active
GTR,WisdomTree Target Range Fund,NASDAQ,ETF,2021-10-07,,Active
GULF,WISDOMTREE MIDDLE EAST DIVIDEND FUND NA,NASDAQ,ETF,2008-07-16,,Active
GUT,Gabelli Utility Trust,NYSE,ETF,1999-07-12,,Active
GXTG,Global X Thematic Growth ETF,NASDAQ,ETF,2019-11-04,,Active
HEQ,John Hancock Hedged equity & Income Fund,NYSE,ETF,2011-05-27,,Active
HERD,PACER CASH COWS FUND OF FUNDS ETF ,NASDAQ,ETF,2019-05-07,,Active
HERO,Global X Video Games & Esports ETF,NASDAQ,ETF,2019-10-31,,Active
HEWG,BTC iShares Currency Hedged MSCI Germany ETF,NASDAQ,ETF,2014-02-18,,Active
HFRO,Highland Income Fund,NYSE,ETF,2017-11-06,,Active
HIE,Miller/Howard High Income Equity Fund,NYSE,ETF,2014-11-25,,Active
HIO,Western Asset High Income Opportunity Fund Inc,NYSE,ETF,1994-10-27,,Active
HISF,First Trust High Income Strategic Focus ETF,NASDAQ,ETF,2014-08-14,,Active
HIX,Western Asset High Income Fund II Inc,NYSE,ETF,1998-05-22,,Active
HLAL,Wahed FTSE USA Shariah ETF,NASDAQ,ETF,2019-07-16,,Active
HNDL,Nasdaq 7HANDL Index ETF,NASDAQ,ETF,2018-01-17,,Active
HPF,John Hancock Preferred Income Fund II,NYSE,ETF,2002-11-26,,Active
HPI,John Hancock Preferred Income Fund,NYSE,ETF,2003-07-15,,Active
HPS,John Hancock Preferred Income Fund III,NYSE,ETF,2003-06-17,,Active
HQH,Tekla Healthcare Investors,NYSE,ETF,1988-01-05,,Active
HQL,Tekla Life Sciences Investors,NYSE,ETF,1992-05-04,,Active
HTD,John Hancock Tax- Advantaged Dividend Income,NYSE,ETF,2004-02-25,,Active
HTY,John Hancock TaxAdvantaged Global Shareholder Yield Fund,NYSE,ETF,2007-09-26,,Active
HYB,New America High Income Fund Inc,NYSE,ETF,1988-02-19,,Active
HYDR,GLOBAL X HYDROGEN ETF ,NASDAQ,ETF,2021-07-14,,Active
HYI,Western Asset High Yield Defined Opportunity Fund Inc,NYSE,ETF,2010-10-27,,Active
HYLS,First Trust Tactical High Yield ETF,NASDAQ,ETF,2013-02-27,,Active
HYND,WISDOMTREE NEGATIVE DURATION HIGH YIELD BOND FUND NA,NASDAQ,ETF,2013-12-18,,Active
HYT,BlackRock Corporate High Yield Fund Inc,NYSE,ETF,2003-05-29,,Active
HYXF,iShares ESG Advanced High Yield Corporate Bond ETF,NASDAQ,ETF,2016-06-17,,Active
HYZD,WisdomTree Interest Rate Hedged High Yield Bond Fund,NASDAQ,ETF,2013-12-18,,Active
IAE,ING Asia Pacific High Divid Eq Inco Fund,NYSE,ETF,2007-03-28,,Active
IBB,iShares Biotechnology ETF,NASDAQ,ETF,2001-02-12,,Active
IBBQ,Invesco Nasdaq Biotechnology ETF,NASDAQ,ETF,2021-06-11,,Active
IBET,IBET SPORTS BETTING & GAMING ETF ,NASDAQ,ETF,2021-11-16,,Active
IBTB,iShares iBonds Dec 2022 Term Treasury ETF,NASDAQ,ETF,2020-03-03,,Active
IBTD,ISHARES IBONDS DEC 2023 TERM TREASURY ETF ,NASDAQ,ETF,2020-03-03,,Active
IBTE,iShares iBonds Dec 2024 Term Treasury ETF,NASDAQ,ETF,2020-02-28,,Active
IBTF,ISHARES IBONDS DEC 2025 TERM TREASURY ETF ,NASDAQ,ETF,2020-02-28,,Active
IBTG,ISHARES IBONDS DEC 2026 TERM TREASURY ETF ,NASDAQ,ETF,2020-02-28,,Active
IBTH,ISHARES IBONDS DEC 2027 TERM TREASURY ETF ,NASDAQ,ETF,2020-02-28,,Active
IBTI,ISHARES IBONDS DEC 2028 TERM TREASURY ETF ,NASDAQ,ETF,2020-02-28,,Active
IBTJ,ISHARES IBONDS DEC 2029 TERM TREASURY ETF ,NASDAQ,ETF,2020-02-28,,Active
IBTK,ISHARES IBONDS DEC 2030 TERM TREASURY ETF ,NASDAQ,ETF,2020-07-20,,Active
IBTL,iShares iBonds Dec 2031 Term Treasury ETF,NASDAQ,ETF,2021-08-30,,Active
ICLN,BTC iShares Global Clean Energy ETF,NASDAQ,ETF,2008-06-25,,Active
IDE,Voya Infrastructure Industrials and Materials Fund,NYSE,ETF,2010-02-02,,Active
IDLB,INVESCO FTSE INTERNATIONAL LOW BETA EQUAL WEIGHT ETF ,NASDAQ,ETF,2015-11-05,,Active
IEF,BTC iShares 7-10 Year Treasury Bond ETF,NASDAQ,ETF,2002-07-26,,Active
IEI,BTC iShares 3-7 Year Treasury Bond ETF,NASDAQ,ETF,2007-01-11,,Active
IEUS,BTC iShares MSCI Europe Small-Cap ETF,NASDAQ,ETF,2007-12-27,,Active
IFGL,ISHARES INTERNATIONAL DEVELOPED REAL ESTATE ETF ,NASDAQ,ETF,2007-12-27,,Active
IFN,The India Fund Inc,NYSE,ETF,1994-02-15,,Active
IFV,First Trust Dorsey Wright International Focus 5 ETF,NASDAQ,ETF,2014-07-23,,Active
IGA,Voya Global Advantage and Premium Opportunity Fund,NYSE,ETF,2005-10-27,,Active
IGD,Voya Global Equity Dividend and Premium Opportunity Fund,NYSE,ETF,2005-03-29,,Active
IGF,BTC iShares Global Infrastructure ETF,NASDAQ,ETF,2007-12-12,,Active
IGI,Western Asset Investment Grade Defined Opportunity Trust Inc,NYSE,ETF,2009-07-01,,Active
IGIB,iShares Trust iShares 5-10 Year Investment Grade Corporate Bond ETF,NASDAQ,ETF,2007-01-11,,Active
IGOV,BTC iShares International Treasury Bond ETF,NASDAQ,ETF,2009-01-29,,Active
IGR,CBRE Global Real Estate Income Fund,NYSE,ETF,2004-02-25,,Active
IGSB,iShares Trust iShares 1-5 Year Investment Grade Corporate Bond ETF,NASDAQ,ETF,2007-01-11,,Active
IHD,Voya Emerging Markets High Dividend Equity Fund,NYSE,ETF,2011-04-28,,Active
IHIT,Invesco High Income 2023 Target Term Fund of Beneficial Interest,NYSE,ETF,2016-11-23,,Active
IHTA,Invesco High Income 2024 Target Term Fund,NYSE,ETF,2017-11-30,,Active
IHYF,Invesco High Yield Bond Factor ETF,NASDAQ,ETF,2020-12-03,,Active
IID,ING International High Dividend Equity,NYSE,ETF,2007-09-26,,Active
IIF,Morgan Stanley India Investment Fund Inc,NYSE,ETF,1995-02-15,,Active
IIM,Invesco Value Municipal Income Trust,NYSE,ETF,1994-10-27,,Active
IJT,BTC iShares S&P Small-Cap 600 Growth ETF,NASDAQ,ETF,2000-07-28,,Active
IMCV,BTC iShares Morningstar Mid-Cap Value ETF,NASDAQ,ETF,2004-07-13,,Active
INB,Cohen Steers Global Income Builder Inc,NYSE,ETF,2007-07-27,,Active
INDY,BTC iShares India 50 ETF,NASDAQ,ETF,2009-11-20,,Active
INF,Brookfield Glbl Lstd Infrstr Incm Fd Inc,NYSE,ETF,2011-08-29,,Active
INSI,Insight Select Income Fund,NYSE,ETF,1984-09-07,,Active
IPKW,Invesco International BuyBack Achievers TM ETF,NASDAQ,ETF,2014-02-27,,Active
IQI,Invesco Quality Municipal Income Trust,NYSE,ETF,1994-10-27,,Active
IRL,New Ireland Fund Inc,NYSE,ETF,1990-03-30,,Active
IRR,Voya Natural Resources Equity Income Fund,NYSE,ETF,2006-10-25,,Active
ISD,PGIM High Yield Bond Fund Inc,NYSE,ETF,2012-04-27,,Active
ISDX,Invesco RAFI Strategic Developed ex-US ETF,NASDAQ,ETF,2018-09-14,,Active
ISEM,INVESCO RAFI(TM) STRATEGIC EMERGING MARKETS ETF ,NASDAQ,ETF,2018-09-13,,Active
ISHG,ISHARES 1-3 YEAR INTERNATIONAL TREASURY BOND ETF ,NASDAQ,ETF,2009-01-28,,Active
ISHP,First Trust S-Network E-Commerce ETF,NASDAQ,ETF,2016-10-11,,Active
ISTB,BTC iShares Core 1-5 Year USD Bond ETF,NASDAQ,ETF,2012-10-24,,Active
IUS,Invesco RAFI Strategic US ETF,NASDAQ,ETF,2018-09-12,,Active
IUSB,BTC iShares Core Total USD Bond Market ETF,NASDAQ,ETF,2014-06-12,,Active
IUSG,BTC iShares Core S&P U.S.Growth ETF,NASDAQ,ETF,2000-07-28,,Active
IUSS,INVESCO RAFI(TM) STRATEGIC US SMALL COMPANY ETF ,NASDAQ,ETF,2018-09-13,,Active
IUSV,BTC iShares Core S&P U.S.Value ETF,NASDAQ,ETF,2000-08-04,,Active
IVH,Delaware Ivy High Income Opportunities Fund,NYSE,ETF,2013-05-29,,Active
IXUS,ISHARES CORE MSCI TOTAL INTERNATIONAL STOCK ETF ,NASDAQ,ETF,2012-10-24,,Active
JCE,Nuveen Core Equity Alpha Fund,NYSE,ETF,2007-03-28,,Active
JDD,Nuveen Diversified Dividend and Income Fund,NYSE,ETF,2003-09-29,,Active
JEMD,Nuveen Emerging Markets Debt 2022 Target Term Fund,NYSE,ETF,2017-09-27,,Active
JEQ,Aberdeen Japan Equity Fund Inc,NYSE,ETF,1992-08-14,,Active
JFR,Nuveen Floating Rate Income Fund,NYSE,ETF,2004-03-25,,Active
JGH,Nuveen Global High Income Fund,NYSE,ETF,2014-11-24,,Active
JHB,Nuveen Corporate Income November 2021 Target Term Fund,NYSE,ETF,2016-08-24,,Active
JHI,John Hancock Investors Trust,NYSE,ETF,1985-07-01,,Active
JHS,John Hancock Income Securities Trust,NYSE,ETF,1988-01-05,,Active
JHY,Nuveen High Income 2020 Target Term Fund Com,NYSE,ETF,2015-07-29,,Active
JLS,Nuveen Mortgage Opportunity Term Fund,NYSE,ETF,2009-11-27,,Active
JMM,Nuveen Multi-Market Income Fund,NYSE,ETF,1989-06-30,,Active
JOET,Virtus Terranova U.S. Quality Momentum ETF,NASDAQ,ETF,2020-11-18,,Active
JOF,Japan Smaller Capitalization Fund Inc,NYSE,ETF,1990-03-14,,Active
JPC,Nuveen Preferred & Income Opportunities Fund,NYSE,ETF,2003-03-31,,Active
JPI,Nuveen Preferred and Income Term Fund,NYSE,ETF,2012-07-27,,Active
JPS,Nuveen Preferred & Income Securities Fund,NYSE,ETF,2002-09-24,,Active
JPT,Nuveen Preferred and Income Fund,NYSE,ETF,2017-01-27,,Active
JQC,Nuveen Credit Strategies Incom,NYSE,ETF,2003-06-26,,Active
JRI,Nuveen Real Asset Income and Growth Fund,NYSE,ETF,2012-04-27,,Active
JRO,Nuveen Floating Rate Income Opportunity Fund,NYSE,ETF,2004-07-28,,Active
JRS,Nuveen Real Estate Income Fund,NYSE,ETF,2001-11-19,,Active
JSD,Nuveen Short Duration Credit Opportunities Fund,NYSE,ETF,2011-05-26,,Active
JSMD,Janus Henderson Small/Mid Cap Growth Alpha ETF,NASDAQ,ETF,2016-02-25,,Active
JSML,Janus Henderson Small Cap Growth Alpha ETF,NASDAQ,ETF,2016-02-25,,Active
JTA,Nuveen TaxAdvantaged Ttl Rtrn Strtgy Fd,NYSE,ETF,2004-01-29,,Active
JTD,Nuveen Tax-Advantaged Dividend Growth Fund,NYSE,ETF,2007-08-01,,Active
KBWB,Invesco KBW Bank ETF,NASDAQ,ETF,2011-11-01,,Active
KBWD,Invesco KBW High Dividend Yield Financial ETF,NASDAQ,ETF,2010-12-02,,Active
KBWP,Invesco KBW Property & Casualty Insurance ETF,NASDAQ,ETF,2010-12-22,,Active
KBWR,Invesco KBW Regional Banking ETF,NASDAQ,ETF,2011-11-01,,Active
KBWY,Invesco KBW Premium Yield Equity REIT ETF,NASDAQ,ETF,2010-12-02,,Active
KEJI,GLOBAL X CHINA DISRUPTION ETF ,NASDAQ,ETF,2021-02-24,,Active
KF,Korea Fund Inc,NYSE,ETF,1987-11-05,,Active
KIO,KKR Income Opportunities Fund,NYSE,ETF,2013-07-26,,Active
KMF,Kayne Anderson NextGen Energy & Infrastructure Inc,NYSE,ETF,2010-11-24,,Active
KRMA,Global X Conscious Companies ETF,NASDAQ,ETF,2016-07-12,,Active
KROP,GLOBAL X AGTECH & FOOD INNOVATION ETF ,NASDAQ,ETF,2021-07-14,,Active
KSM,DWS Strategic Municipal Income Trust,NYSE,ETF,1989-06-30,,Active
KTF,DWS Municipal Income Trust,NYSE,ETF,1989-06-30,,Active
KYN,Kayne Anderson Energy Infrastructure Fund Inc,NYSE,ETF,2004-09-28,,Active
LDEM,ISHARES ESG MSCI EM LEADERS ETF ,NASDAQ,ETF,2020-02-12,,Active
LDP,Cohen & Steers Ltd Duration Preferred and Income Fund Inc,NYSE,ETF,2012-07-30,,Active
LDSF,First Trust Low Duration Strategic Focus ETF,NASDAQ,ETF,2019-01-07,,Active
LEGR,First Trust Indxx Innovative Transaction & Process ETF,NASDAQ,ETF,2018-01-25,,Active
LEO,BNY Mellon Strategic Municipals Inc,NYSE,ETF,2001-01-02,,Active
LGI,Lazard Global Total Return and Income Fund Inc,NYSE,ETF,2004-05-06,,Active
LMBS,First Trust Low Duration Opportunities ETF,NASDAQ,ETF,2014-11-05,,Active
LOR,Lazard World Dividend Income Fund Inc,NYSE,ETF,2005-06-28,,Active
LRGE,ClearBridge Large Cap Growth ESG ETF,NASDAQ,ETF,2017-05-25,,Active
LVHD,Legg Mason Low Volatility High Dividend ETF,NASDAQ,ETF,2015-12-29,,Active
MAV,Pioneer Municipal High Income Advantage Fund Inc,NYSE,ETF,2003-10-23,,Active
MBB,BTC iShares MBS ETF,NASDAQ,ETF,2007-03-16,,Active
MCA,BlackRock MuniYield CA Quality Common,NYSE,ETF,1994-10-27,,Active
MCEF,First Trust Municipal CEF Income Opportunity ETF,NASDAQ,ETF,2016-09-29,,Active
MCHI,BTC iShares MSCI China ETF,NASDAQ,ETF,2011-03-31,,Active
MCI,Barings Corporate Investors,NYSE,ETF,1985-07-01,,Active
MCN,Madison Covered Call & Equity Strategy Fund,NYSE,ETF,2004-08-02,,Active
MCR,MFS Charter Income Trust,NYSE,ETF,1990-01-11,,Active
MDCP,VictoryShares THB Mid Cap ESG ETF,NASDAQ,ETF,2021-10-05,,Active
MDIV,First Trust ETF VI Multi-Asset Diversified Income Index Fund,NASDAQ,ETF,2012-08-14,,Active
MEN,BlackRock Munienhanced Fund Inc,NYSE,ETF,1989-06-30,,Active
MFD,MacquarieFirst Trust Global Infrstrctre,NYSE,ETF,2004-05-06,,Active
MFL,BlackRock MuniHoldings Investment Quality Fund,NYSE,ETF,1997-09-29,,Active
MFM,MFS Municipal Income Trust,NYSE,ETF,1987-11-05,,Active
MFT,BlackRock MuniYield Investment Quality Fund,NYSE,ETF,1994-10-27,,Active
MFV,MFS Special Value Trust,NYSE,ETF,1990-01-11,,Active
MGF,MFS Government Markets Income Trust,NYSE,ETF,1987-05-20,,Active
MGU,Macquarie Global Infrastructure Total Return Fund Inc,NYSE,ETF,2005-08-26,,Active
MHD,BlackRock MuniHoldings Fund Inc,NYSE,ETF,1997-05-27,,Active
MHE,BLACKROCK MASSACHUSETTS TAX EXEMPT TRUST,NYSE,ETF,1995-08-18,,Active
MHF,Western Asset Municipal High Income Fund Inc,NYSE,ETF,1989-06-30,,Active
MHI,Pioneer Municipal High Income Fund Inc,NYSE,ETF,2003-07-18,,Active
MHN,BlackRock MuniHoldings New York Quality Fund Inc,NYSE,ETF,1997-09-22,,Active
MIE,Cohen & Steers MLP Income and Energy Opportunity Fund Inc,NYSE,ETF,2013-03-26,,Active
MILN,Global X Millennial Consumer ETF,NASDAQ,ETF,2016-05-06,,Active
MIN,MFS Intermediate Income Trust,NYSE,ETF,1988-03-11,,Active
MIY,BlackRock MuniYield Michigan Quality Fund Inc,NYSE,ETF,1994-10-27,,Active
MMD,Mainstay Definedterm Municipal Opptys Fd,NYSE,ETF,2012-08-03,,Active
MMT,MFS Multimarket Income Trust,NYSE,ETF,1987-03-05,,Active
MMU,Western Asset Managed Municipals Fund Inc,NYSE,ETF,1992-07-17,,Active
MNE,BlackRock Muni New York Intermediate Duration Fund,NYSE,ETF,2003-07-30,,Active
MNP,Western Asset Municipal Partners Fund Inc,NYSE,ETF,1993-01-25,,Active
MPA,BlackRock MuniYield Pennsylvania Quality Fund,NYSE,ETF,1994-10-27,,Active
MPV,Barings Participation Investors,NYSE,ETF,1989-06-30,,Active
MQT,BlackRock MuniYield Quality Fund II Inc,NYSE,ETF,1994-10-27,,Active
MQY,BlackRock MuniYield Quality Fund Inc,NYSE,ETF,1994-10-27,,Active
MSD,Morgan Stanley Emerging Markets Debt Fund Inc,NYSE,ETF,1994-10-27,,Active
MTT,Western Asset Municipal Defined Opportunity Trust,NYSE,ETF,2009-03-27,,Active
MUA,BlackRock Muniassets Fund Inc,NYSE,ETF,1994-10-27,,Active
MUC,BlackRock MuniHoldings California Quality Fund Inc,NYSE,ETF,1998-03-02,,Active
MUE,BlackRock MuniHoldings Quality Fund II Inc,NYSE,ETF,1999-03-09,,Active
MUH,BlackRock MuniHoldings Fund II Inc,NYSE,ETF,1998-03-03,,Active
MUI,BlackRock Municipal Income Fund Inc,NYSE,ETF,2003-07-30,,Active
MUJ,BlackRock MuniHoldings New Jersey Quality Fund Inc,NYSE,ETF,1998-03-12,,Active
MUS,BlackRock MuniHoldings Quality Fund Inc,NYSE,ETF,1998-05-04,,Active
MVF,BlackRock MuniVest Fund Inc,NYSE,ETF,1990-02-22,,Active
MVT,BlackRock Munivest Fund II Inc,NYSE,ETF,1994-10-27,,Active
MXE,Mexico Equity And Income Fund Inc,NYSE,ETF,1990-08-15,,Active
MXF,Mexico Fund Inc,NYSE,ETF,1987-12-30,,Active
MYC,BlackRock MuniYield California Fund Inc,NYSE,ETF,1992-03-16,,Active
MYD,BlackRock MuniYield Fund Inc,NYSE,ETF,1991-12-19,,Active
MYF,BlackRock MuniYield Investment Fund,NYSE,ETF,1992-03-16,,Active
MYI,BlackRock MuniYield Quality Fund III Inc,NYSE,ETF,1992-04-21,,Active
MYJ,BlackRock MuniYield New Jersey Fund Inc,NYSE,ETF,1992-05-18,,Active
MYN,BlackRock MuniYield New York Quality Fund Inc,NYSE,ETF,1992-03-16,,Active
MZA,Blackrock MuniYield Arizona Fund Inc,NYSE,ETF,1995-08-18,,Active
NAC,Nuveen California Quality Municipal Income Fund,NYSE,ETF,1999-05-26,,Active
NAD,Nuveen Dividend Advantage Municipal Fund,NYSE,ETF,1999-05-26,,Active
NAN,Nuveen New York Dividend Advantage Municipal Fund,NYSE,ETF,1999-05-26,,Active
NAZ,Nuveen Arizona Quality Municipal Income Fund,NYSE,ETF,1994-10-27,,Active
NBB,Nuveen Build America Bond Fund Common Shares of Beneficial Interest,NYSE,ETF,2010-04-28,,Active
NCA,Nuveen California Municipal Value Fund.,NYSE,ETF,1987-10-07,,Active
NCB,Nuveen California Municipal Value Fund 2 Common Shares of Beneficial Interest,NYSE,ETF,2009-04-28,,Active
NCV,Virtus AllianzGI Convertible & Income Fund,NYSE,ETF,2003-03-31,,Active
NCZ,Virtus AllianzGI Convertible & Income Fund II,NYSE,ETF,2003-07-29,,Active
NDP,Tortoise Energy Independence Fund Inc,NYSE,ETF,2012-07-27,,Active
NEA,Nuveen AMT-Free Quality Municipal Income Fund,NYSE,ETF,2002-11-22,,Active
NEV,Nuveen Enhanced Municipal Value Fund Common Shares of Beneficial Interest,NYSE,ETF,2009-09-25,,Active
NFJ,Virtus AllianzGI Dividend Interest & Premium Strategy Fund,NYSE,ETF,2005-03-01,,Active
NFTY,FIRST TRUST INDIA NIFTY 50 EQUAL WEIGHT ETF ,NASDAQ,ETF,2018-04-18,,Active
NHA,Nuveen Municipal 2021 Target Term Fund,NYSE,ETF,2016-01-27,,Active
NHF,NexPoint Strategic Opportunities Fund,NYSE,ETF,2006-06-26,,Active
NID,Nuveen Intermediate Duration Munpl Tm Fd,NYSE,ETF,2012-12-06,,Active
NIE,Virtus AllianzGI Equity & Convertible Income Fund,NYSE,ETF,2007-02-23,,Active
NIM,Nuveen Select Maturities Municipal Fund,NYSE,ETF,1994-10-27,,Active
NIQ,Nuveen Intermediate Duration Quality Municipal Term Fund,NYSE,ETF,2013-02-08,,Active
NJV,Nuveen New Jersey Municipal Value Fund,NYSE,ETF,2009-04-28,,Active
NKG,Nuveen Georgia Quality Municipal Income Fund,NYSE,ETF,2002-09-26,,Active
NKX,Nuveen California AMT-Free Quality Municipal Income Fund,NYSE,ETF,2003-01-16,,Active
NMI,Nuveen Municipal Income Fund,NYSE,ETF,1988-12-16,,Active
NMS,Nuveen Minnesota Quality Municipal Income Fund,NYSE,ETF,2014-10-08,,Active
NMT,Nuveen Massachusetts Quality Municipal Income Fund,NYSE,ETF,1994-10-27,,Active
NMY,Nuveen Maryland Quality Municipal Income Fund,NYSE,ETF,1994-10-27,,Active
NMZ,Nuveen Municipal High Income Opportunity Fund,NYSE,ETF,2003-11-20,,Active
NNY,Nuveen New York Municipal Value Fund,NYSE,ETF,1987-10-07,,Active
NOM,Nuveen Missouri Quality Municipal Income Fund,NYSE,ETF,1995-08-18,,Active
NPN,Nuveen Pennsylvania Municipal Value Fund,NYSE,ETF,2009-04-28,,Active
NPV,Nuveen Virginia Quality Municipal Income Fund,NYSE,ETF,1994-10-27,,Active
NQP,Nuveen Pennsylvania Quality Municipal Income Fund,NYSE,ETF,1991-02-21,,Active
NRK,Nuveen New York AMT-Free Quality Municipal Income Fund,NYSE,ETF,2003-01-16,,Active
NSL,Nuveen Senior Income Fund,NYSE,ETF,1999-10-27,,Active
NTG,Tortoise Midstream Energy Fund Inc,NYSE,ETF,2010-07-29,,Active
NTX,Nuveen Texas Quality Income Municipal Fd,NYSE,ETF,1991-10-18,,Active
NUM,Nuveen Michigan Qlity Incom Municipal Fd,NYSE,ETF,1991-10-17,,Active
NUO,Nuveen Ohio Quality Municipal Income Fund,NYSE,ETF,1991-10-17,,Active
NUV,Nuveen Municipal Value Fund Inc,NYSE,ETF,1987-06-17,,Active
NUW,Nuveen AMT-Free Municipal Value Fund,NYSE,ETF,2009-02-25,,Active
NVG,Nuveen Dividend Advantage Municipal Income Fund,NYSE,ETF,2002-09-12,,Active
NXC,Nuveen California Select Tax-Free Income Portfolio,NYSE,ETF,1992-06-19,,Active
NXJ,Nuveen New Jersey Quality Municipal Income Fund,NYSE,ETF,2002-09-12,,Active
NXN,Nuveen New York Select Tax-Free Income Portfolio,NYSE,ETF,1992-06-19,,Active
NXP,Nuveen Select Tax-Free Income Portfolio,NYSE,ETF,1992-03-19,,Active
NXQ,Nuveen Select Tax-Free Income Portfolio 2,NYSE,ETF,1992-05-21,,Active
NXR,Nuveen Select Tax-Free Income Portfolio 3,NYSE,ETF,1994-10-27,,Active
NXTG,First Trust Indxx NextG ETF,NASDAQ,ETF,2011-02-18,,Active
NYV,Nuveen New York Municipal Value Fund 2,NYSE,ETF,2009-04-28,,Active
NZAC,SPDR MSCI ACWI Low Carbon Target ETF,NASDAQ,ETF,2014-11-26,,Active
NZF,Nuveen Municipal Credit Income Fund,NYSE,ETF,2001-10-03,,Active
NZRO,Strategy Shares Halt Climate Change ETF,NASDAQ,ETF,2022-01-11,,Active
OIA,Invesco Municipal Income Opportunities Trust,NYSE,ETF,1988-10-05,,Active
ONEQ,Fidelity Nasdaq Composite Index ETF,NASDAQ,ETF,2003-10-01,,Active
OPP,RiverNorth/DoubleLine Strategic opportunity fund Inc,NYSE,ETF,2016-09-28,,Active
OXLC,Oxford Lane Capital Corp,NASDAQ,ETF,2011-01-21,,Active
PABU,iShares Paris-Aligned Climate MSCI USA ETF,NASDAQ,ETF,2022-02-11,,Active
PAI,Western Asset Investment Grade Income Fund Inc,NYSE,ETF,1987-12-30,,Active
PAM,Pampa Energia SA,NYSE,ETF,2009-10-09,,Active
PCF,High Income Securities Fund,NYSE,ETF,1987-07-09,,Active
PCI,PIMCO Dynamic Credit and Mortgage Income Fund,NYSE,ETF,2013-01-29,,Active
PCK,Pimco California Municipal Income Fund II,NYSE,ETF,2002-06-26,,Active
PCM,PCM Fund Inc,NYSE,ETF,1993-08-27,,Active
PCN,PIMCO Corporate & Income Strategy Fund,NYSE,ETF,2001-12-19,,Active
PCQ,Pimco California Municipal Income Fund,NYSE,ETF,2001-06-27,,Active
PDBC,Invesco Optimum Yield Diversified Commodity Strategy No K-1 ETF,NASDAQ,ETF,2014-11-07,,Active
PDI,PIMCO Dynamic Income Fund,NYSE,ETF,2012-05-25,,Active
PDP,Invesco DWA Momentum ETF,NASDAQ,ETF,2007-03-01,,Active
PDT,John Hancock Premium Dividend Fund,NYSE,ETF,1989-12-15,,Active
PEO,Adams Natural Resources Fund Inc,NYSE,ETF,1987-12-30,,Active
PEY,Invesco High Yield Equity Dividend Achievers ETF,NASDAQ,ETF,2004-12-09,,Active
PEZ,Invesco DWA Consumer Cyclicals Momentum ETF,NASDAQ,ETF,2006-10-12,,Active
PFD,Flaherty & Crumrine Preferred and Income Fund Inc,NYSE,ETF,1991-01-25,,Active
PFF,iShares Trust iShares Preferred and Income Securities ETF,NASDAQ,ETF,2007-03-30,,Active
PFI,Invesco DWA Financial Momentum ETF,NASDAQ,ETF,2006-10-12,,Active
PFL,Pimco Income Strategy Fund,NYSE,ETF,2003-10-09,,Active
PFM,Invesco Dividend Achievers ETF,NASDAQ,ETF,2005-09-15,,Active
PFN,Pimco Income Strategy Fund II,NYSE,ETF,2004-10-27,,Active
PFO,Flaherty & Crumrine Preferred and Income Opportunity Fund Inc,NYSE,ETF,1992-02-06,,Active
PFX,PhenixFIN Corp,NASDAQ,ETF,2011-01-21,,Active
PGJ,Invesco Golden Dragon China ETF,NASDAQ,ETF,2004-12-09,,Active
PGP,PIMCO Global StocksPLUS Income Fund,NYSE,ETF,2005-05-26,,Active
PGZ,Principal Real Estate Income Fund,NYSE,ETF,2013-06-26,,Active
PHD,Pioneer Floating Rate Fund Inc,NYSE,ETF,2004-12-23,,Active
PHK,Pimco High Income Fund,NYSE,ETF,2003-04-25,,Active
PHO,Invesco Water Resources ETF,NASDAQ,ETF,2005-12-06,,Active
PHT,Pioneer High Income Fund Inc,NYSE,ETF,2002-04-26,,Active
PID,Invesco International Dividend Achievers ETF,NASDAQ,ETF,2005-09-15,,Active
PIE,INVESCO DWA EMERGING MARKETS MOMENTUM ETF ,NASDAQ,ETF,2007-12-28,,Active
PIM,Putnam Master Intermediate Income Trust,NYSE,ETF,1988-04-19,,Active
PIO,Invesco Global Water ETF,NASDAQ,ETF,2007-06-13,,Active
PIZ,Invesco DWA Developed Markets Momentum ETF,NASDAQ,ETF,2008-01-07,,Active
PKO,Pimco Income Opportunity Fund,NYSE,ETF,2007-11-29,,Active
PKW,Invesco BuyBack Achievers ETF,NASDAQ,ETF,2006-12-20,,Active
PLW,Invesco 1-30 Laddered Treasury ETF,NASDAQ,ETF,2007-10-11,,Active
PMF,Pimco Municipal Income Fund,NYSE,ETF,2001-06-27,,Active
PML,Pimco Municipal Income Fund II,NYSE,ETF,2002-06-26,,Active
PMM,Putnam Managed Municipal Income Trust.,NYSE,ETF,1989-06-30,,Active
PMO,Putnam Municipal Opportunities Trust,NYSE,ETF,1994-10-27,,Active
PMX,Pimco Municipal Income Fund III,NYSE,ETF,2002-10-29,,Active
PNF,Pimco New York Municipal Income Fund,NYSE,ETF,2001-06-27,,Active
PNI,Pimco New York Municipal Income Fund II,NYSE,ETF,2002-06-26,,Active
PNQI,Invesco NASDAQ Internet ETF,NASDAQ,ETF,2008-06-13,,Active
POTX,Global X Cannabis ETF,NASDAQ,ETF,2019-09-20,,Active
PPH,VanEck Pharmaceutical ETF,NASDAQ,ETF,2000-02-01,,Active
PPR,Voya Prime Rate Trust,NYSE,ETF,1992-03-09,,Active
PPT,Putnam Premier Income Trust,NYSE,ETF,1988-02-19,,Active
PRFZ,Invesco FTSE RAFI US 1500 Small-Mid ETF,NASDAQ,ETF,2006-09-20,,Active
PRN,Invesco DWA Industrials Momentum ETF,NASDAQ,ETF,2006-10-12,,Active
PSC,Principal U.S. Small-Cap Multi-Factor ETF,NASDAQ,ETF,2016-09-22,,Active
PSCC,Invesco S&P SmallCap Consumer Staples ETF,NASDAQ,ETF,2010-04-07,,Active
PSCD,Invesco S&P SmallCap Consumer Discretionary ETF,NASDAQ,ETF,2010-04-07,,Active
PSCE,Invesco S&P SmallCap Energy ETF,NASDAQ,ETF,2010-04-07,,Active
PSCF,Invesco S&P SmallCap Financials ETF,NASDAQ,ETF,2010-04-07,,Active
PSCH,Invesco S&P SmallCap Health Care ETF,NASDAQ,ETF,2010-04-07,,Active
PSCI,Invesco S&P SmallCap Industrials ETF,NASDAQ,ETF,2010-04-07,,Active
PSCM,Invesco S&P SmallCap Materials ETF,NASDAQ,ETF,2010-04-07,,Active
PSCT,Invesco S&P SmallCap Information Technology ETF,NASDAQ,ETF,2010-04-07,,Active
PSCU,Invesco S&P SmallCap Utilities & Communication Services ETF,NASDAQ,ETF,2010-04-07,,Active
PSET,Principal Quality ETF,NASDAQ,ETF,2016-03-22,,Active
PSF,Cohen & Steers Select Preferred and Income Fund Inc,NYSE,ETF,2010-11-26,,Active
PSL,Invesco DWA Consumer Staples Momentum ETF,NASDAQ,ETF,2006-10-12,,Active
PTF,Invesco DWA Technology Momentum ETF,NASDAQ,ETF,2006-10-12,,Active
PTH,Invesco DWA Healthcare Momentum ETF,NASDAQ,ETF,2006-10-12,,Active
PTY,PIMCO Corporate & Income Opportunity Fund,NYSE,ETF,2002-12-26,,Active
PUI,Invesco DWA Utilities Momentum ETF,NASDAQ,ETF,2005-10-26,,Active
PXI,Invesco DWA Energy Momentum ETF,NASDAQ,ETF,2006-10-12,,Active
PY,Principal Value ETF,NASDAQ,ETF,2016-03-22,,Active
PYN,Pimco New York Municipal Income Fund III,NYSE,ETF,2002-10-29,,Active
PYZ,Invesco DWA Basic Materials Momentum ETF,NASDAQ,ETF,2006-10-12,,Active
PZC,Pimco California Municipal Income Fund III,NYSE,ETF,2002-10-29,,Active
QABA,First Trust NASDAQ ABA Community Bank Index Fund,NASDAQ,ETF,2009-07-01,,Active
QAT,iShares MSCI Qatar ETF,NASDAQ,ETF,2014-05-01,,Active
QCLN,First Trust Nasdaq Clean Edge Green Energy Index Fund,NASDAQ,ETF,2007-02-14,,Active
QCLR,GLOBAL X NASDAQ 100 COLLAR 95-110 ETF ,NASDAQ,ETF,2021-08-26,,Active
QQC,Simplify Nasdaq 100 PLUS Convexity ETF,NASDAQ,ETF,2020-12-11,,Active
QQD,Simplify Nasdaq 100 PLUS Downside Convexity ETF,NASDAQ,ETF,2020-12-11,,Active
QQEW,First Trust NASDAQ-100 Equal Weighted Index Fund,NASDAQ,ETF,2006-05-02,,Active
QQJG,Invesco ESG NASDAQ Next Gen 100 ETF,NASDAQ,ETF,2021-10-27,,Active
QQMG,Invesco ESG NASDAQ 100 ETF,NASDAQ,ETF,2021-10-28,,Active
QQQ,Invesco QQQ Trust Series 1,NASDAQ,ETF,1999-03-10,,Active
QQQA,PROSHARES NASDAQ-100 DORSEY WRIGHT MOMENTUM ETF ,NASDAQ,ETF,2021-05-20,,Active
QQQJ,Invesco NASDAQ Next Gen 100 ETF,NASDAQ,ETF,2020-10-13,,Active
QQQM,Invesco NASDAQ 100 ETF,NASDAQ,ETF,2020-10-13,,Active
QQQN,VictoryShares Nasdaq Next 50 ETF,NASDAQ,ETF,2020-09-10,,Active
QQQX,Nuveen NASDAQ 100 Dynamic Overwrite Fund,NASDAQ,ETF,2007-02-01,,Active
QQXT,FIRST TRUST NASDAQ-100 EX-TECHNOLOGY SECTOR INDEX FUND ,NASDAQ,ETF,2007-05-07,,Active
QRMI,Global X NASDAQ 100 Risk Managed Income ETF,NASDAQ,ETF,2021-08-26,,Active
QTEC,First Trust NASDAQ-100 Technology Sector Index Fund,NASDAQ,ETF,2006-05-02,,Active
QTR,GLOBAL X NASDAQ 100 TAIL RISK ETF ,NASDAQ,ETF,2021-08-26,,Active
QYLD,Global X NASDAQ 100 Covered Call ETF,NASDAQ,ETF,2013-12-12,,Active
QYLG,Global X Nasdaq 100 Covered Call & Growth ETF,NASDAQ,ETF,2020-09-22,,Active
RA,Brookfield Real Assets Income Fund Inc,NYSE,ETF,2016-12-05,,Active
RAYS,Global X Solar ETF,NASDAQ,ETF,2021-09-09,,Active
RCS,PIMCO Strategic Income Fund Inc,NYSE,ETF,1994-10-27,,Active
RDVY,First Trust Rising Dividend Achievers ETF,NASDAQ,ETF,2014-01-07,,Active
REIT,ALPS Active REIT ETF,NASDAQ,ETF,2021-02-26,,Active
RFDI,First Trust RiverFront Dynamic Developed International ETF,NASDAQ,ETF,2016-04-14,,Active
RFEM,FIRST TRUST RIVERFRONT DYNAMIC EMERGING MARKETS ETF ,NASDAQ,ETF,2016-06-15,,Active
RFEU,FIRST TRUST RIVERFRONT DYNAMIC EUROPE ETF ,NASDAQ,ETF,2016-04-14,,Active
RFI,Cohen & Steers Total Return Realty Fund Inc,NYSE,ETF,1994-10-27,,Active
RGT,Royce Global Value Trust Inc,NYSE,ETF,2013-10-09,,Active
RING,BTC iShares MSCI Global Gold Miners ETF,NASDAQ,ETF,2012-02-02,,Active
RIV,RiverNorth Opportunities Fund Inc,NYSE,ETF,2015-12-24,,Active
RMT,Royce Micro Capital Trust Inc,NYSE,ETF,1993-12-15,,Active
RNDM,First Trust Developed International Equity Select ETF,NASDAQ,ETF,2017-06-23,,Active
RNDV,First Trust US Equity Dividend Select ETF,NASDAQ,ETF,2017-06-22,,Active
RNEM,EMERGING MARKETS EQUITY SELECT ETF ,NASDAQ,ETF,2017-06-23,,Active
RNLC,First Trust Large Cap US Equity Select ETF,NASDAQ,ETF,2017-06-22,,Active
RNMC,First Trust Mid Cap US Equity Select ETF,NASDAQ,ETF,2017-06-22,,Active
RNP,Cohen Steers REITPfd Inc Fd,NYSE,ETF,2003-06-25,,Active
RNRG,Global X Renewable Energy Producers ETF,NASDAQ,ETF,2015-05-28,,Active
RNSC,First Trust Small Cap US Equity Select ETF,NASDAQ,ETF,2017-06-22,,Active
ROBT,First Trust Nasdaq Artificial Intelligence and Robotics ETF,NASDAQ,ETF,2018-02-22,,Active
RQI,Cohen & Steers Quality Income Realty Fund Inc,NYSE,ETF,2002-02-26,,Active
RSF,RiverNorth Specialty Finance Corp,NYSE,ETF,2016-09-22,,Active
RTH,VanEck Retail ETF,NASDAQ,ETF,2001-05-17,,Active
RVT,Royce Value Trust Inc,NYSE,ETF,1987-12-30,,Active
SARK,Tuttle Capital Short Innovation ETF,NASDAQ,ETF,2021-11-09,,Active
SBI,Western Asset Intermediate Muni Fund Inc,NYSE,ETF,1992-03-17,,Active
SCD,LMP Capital and Income Fund Inc,NYSE,ETF,2004-02-25,,Active
SCZ,ISHARES MSCI EAFE SMALL-CAP ETF ,NASDAQ,ETF,2007-12-12,,Active
SDG,iShares MSCI Global Sustainable Development Goals ETF,NASDAQ,ETF,2016-04-22,,Active
SDVY,First Trust SMID Cap Rising Dividend Achievers ETF,NASDAQ,ETF,2017-11-03,,Active
SHV,BTC iShares Short Treasury Bond ETF,NASDAQ,ETF,2007-01-11,,Active
SHY,BTC iShares 1-3 Year Treasury Bond ETF,NASDAQ,ETF,2002-07-26,,Active
SKOR,FlexShares Credit-Scored US Corporate Bond Index Fund,NASDAQ,ETF,2014-11-13,,Active
SKYU,ProShares Ultra Nasdaq Cloud Computing ETF,NASDAQ,ETF,2021-01-21,,Active
SKYY,First Trust Cloud Computing ETF,NASDAQ,ETF,2011-07-06,,Active
SLQD,BTC iShares 0-5 Year Investment Grade Corporate Bond ETF,NASDAQ,ETF,2013-10-17,,Active
SLVO,Credit Suisse AG Nassau Branch,NASDAQ,ETF,2013-04-17,,Active
SMCP,ALPHAMARK ACTIVELY MANAGED SMALL CAP ETF ,NASDAQ,ETF,2015-04-21,,Active
SMH,VanEck Semiconductor ETF,NASDAQ,ETF,2000-06-05,,Active
SMM,Salient Midstream & MLP Fund,NYSE,ETF,2012-05-25,,Active
SNLN,Highland/iBoxx Senior Loan ETF,NASDAQ,ETF,2012-11-07,,Active
SNSR,Global X Funds Global X Internet of Things ETF,NASDAQ,ETF,2016-09-16,,Active
SNUG,Merlyn.AI Tactical Growth and Income ETF,NASDAQ,ETF,2020-02-25,,Active
SOCL,Global X Social Media ETF,NASDAQ,ETF,2011-11-15,,Active
SOGU,The Short De-SPAC ETF,NASDAQ,ETF,2021-05-19,,Active
SOR,Source Capital Inc,NYSE,ETF,1987-12-30,,Active
SOXQ,Invesco PHLX Semiconductor ETF,NASDAQ,ETF,2021-06-11,,Active
SOXX,iShares Semiconductor ETF,NASDAQ,ETF,2001-07-13,,Active
SPBC,SIMPLIFY U.S. EQUITY PLUS GBTC ETF ,NASDAQ,ETF,2021-05-25,,Active
SPC,CROSSINGBRIDGE PRE-MERGER SPAC ETF ,NASDAQ,ETF,2021-09-21,,Active
SPCX,The SPAC and New Issue ETF,NASDAQ,ETF,2020-12-16,,Active
SPE,Special Opportunities Fund Inc,NYSE,ETF,1994-10-27,,Active
SPQQ,SIREN LARGE CAP BLEND INDEX ETF ,NASDAQ,ETF,2020-07-01,,Active
SPRX,SPEAR ALPHA ETF ,NASDAQ,ETF,2021-08-04,,Active
SPXX,Nuveen S&P 500 Dynamic Overwrite Fund,NYSE,ETF,2005-11-23,,Active
SQLV,LEGG MASON SMALL-CAP QUALITY VALUE ETF ,NASDAQ,ETF,2017-07-13,,Active
SQQQ,ProShares UltraPro Short QQQ,NASDAQ,ETF,2010-02-11,,Active
SRET,Global X SuperDividend REIT ETF,NASDAQ,ETF,2015-03-17,,Active
SRF,Cushing Royalty Income Fund,NYSE,ETF,2012-02-24,,Active
SRV,Cushing MLP & Infrastructure Total Return Fund,NYSE,ETF,2007-08-27,,Active
STK,Columbia Seligman Premium Technology Growth Fund Inc,NYSE,ETF,2009-11-27,,Active
SUSB,iShares Trust iShares ESG Aware 1-5 Year USD Corporate Bond ETF,NASDAQ,ETF,2017-07-18,,Active
SUSC,iShares Trust iShares ESG Aware USD Corporate Bond ETF,NASDAQ,ETF,2017-07-20,,Active
SUSL,iShares ESG MSCI USA Leaders ETF,NASDAQ,ETF,2019-05-10,,Active
SWZ,Swiss Helvetia Fund Inc,NYSE,ETF,1988-01-05,,Active
SZC,Cushing NextGen Infrastructure Income Fund,NYSE,ETF,2012-09-26,,Active
TCHI,ISHARES MSCI CHINA MULTISECTOR TECH ETF ,NASDAQ,ETF,2022-02-01,,Active
TDF,Templeton Dragon Fund Inc,NYSE,ETF,1995-02-15,,Active
TDIV,First Trust ETF VI First Trust NASDAQ Technology Dividend Index Fund,NASDAQ,ETF,2012-08-14,,Active
TEI,Templeton Emerging Markets Income Fund,NYSE,ETF,1994-10-27,,Active
THQ,Tekla Healthcare Opportunities Fund,NYSE,ETF,2014-07-29,,Active
THW,Tekla World Healthcare Fund,NYSE,ETF,2015-06-26,,Active
TLI,Western Asset Corporate Loan Fund Inc,NYSE,ETF,1998-11-20,,Active
TLT,BTC iShares 20+ Year Treasury Bond ETF,NASDAQ,ETF,2002-07-26,,Active
TPZ,Tortoise Power Energy Infrstrct Fd Inc,NYSE,ETF,2009-07-29,,Active
TQQQ,ProShares UltraPro QQQ,NASDAQ,ETF,2010-02-11,,Active
TSI,TCW Strategic Income Fund Inc,NYSE,ETF,1988-01-05,,Active
TTP,Tortoise Pipeline & Energy Fund Inc,NYSE,ETF,2011-10-27,,Active
TUR,BTC iShares MSCI Turkey ETF,NASDAQ,ETF,2008-03-28,,Active
TUSA,FIRST TRUST TOTAL US MARKET ALPHADEX ETF ,NASDAQ,ETF,2004-04-28,,Active
TWN,Taiwan Fund Inc,NYSE,ETF,1989-06-30,,Active
TY,Tri-Continental Corp,NYSE,ETF,1983-04-06,,Active
TYG,Tortoise Energy Infrastructure Corp,NYSE,ETF,2004-02-25,,Active
UAE,ISHARES MSCI UAE ETF ,NASDAQ,ETF,2014-05-01,,Active
UBND,VictoryShares ESG Core Plus Bond ETF,NASDAQ,ETF,2021-10-05,,Active
UCRD,VictoryShares ESG Corporate Bond ETF,NASDAQ,ETF,2021-10-05,,Active
UCYB,ProShares Ultra Nasdaq Cybersecurity ETF,NASDAQ,ETF,2021-01-21,,Active
UFO,PROCURE SPACE ETF ,NASDAQ,ETF,2019-04-11,,Active
UMMA,Wahed Dow Jones Islamic World ETF,NASDAQ,ETF,2022-01-07,,Active
USA,Liberty All-Star Equity Fund,NYSE,ETF,1987-11-05,,Active
USBF,ISHARES USD BOND FACTOR ETF ,NASDAQ,ETF,2021-10-14,,Active
USIG,iShares Broad USD Investment Grade Corporate Bond ETF,NASDAQ,ETF,2007-01-11,,Active
USLB,INVESCO RUSSELL 1000 LOW BETA EQUAL WEIGHT ETF ,NASDAQ,ETF,2015-11-05,,Active
USMC,Principal U.S. Mega-Cap ETF,NASDAQ,ETF,2017-10-12,,Active
USOI,Credit Suisse AG Nassau Branch,NASDAQ,ETF,2017-04-26,,Active
USXF,iShares ESG Advanced MSCI USA ETF,NASDAQ,ETF,2020-06-18,,Active
UTF,Cohen & Steers Infrastructure Fund Inc,NYSE,ETF,2004-05-11,,Active
VBB,VALKYRIE BALANCE SHEET OPPORTUNITIES ETF ,NASDAQ,ETF,2021-12-15,,Active
VBF,Invesco Bond Fund,NYSE,ETF,1994-10-27,,Active
VCIF,Vertical Capital Income Fund.,NYSE,ETF,2019-05-28,,Active
VCIT,Vanguard Intermediate-Term Corporate Bond ETF,NASDAQ,ETF,2009-11-23,,Active
VCLT,Vanguard Long-Term Corporate Bond ETF,NASDAQ,ETF,2009-11-23,,Active
VCSH,Vanguard Short-Term Corporate Bond ETF,NASDAQ,ETF,2009-11-23,,Active
VCV,Invesco California Value Municipal Income Trust,NYSE,ETF,1994-10-27,,Active
VGI,Virtus Global MultiSector Income Fund,NYSE,ETF,2012-02-24,,Active
VGIT,Vanguard Intermediate-Term Treasury ETF,NASDAQ,ETF,2009-11-23,,Active
VGLT,Vanguard Long-Term Treasury ETF,NASDAQ,ETF,2010-01-04,,Active
VGM,Invesco Trust for Investment Grade Municipals,NYSE,ETF,1992-02-19,,Active
VGSH,Vanguard Short-Term Treasury ETF,NASDAQ,ETF,2009-11-23,,Active
VIGI,Vanguard International Dividend Appreciation ETF,NASDAQ,ETF,2016-03-02,,Active
VKQ,Invesco Municipal Trust Common,NYSE,ETF,1991-11-21,,Active
VLT,Invesco High Income Trust II,NYSE,ETF,1989-06-30,,Active
VMBS,Vanguard Mortgage-Backed Securities ETF,NASDAQ,ETF,2009-11-23,,Active
VMO,Invesco Municipal Opportunity Trust,NYSE,ETF,1992-06-04,,Active
VNQI,Vanguard Global ex-U.S. Real Estate ETF,NASDAQ,ETF,2010-11-01,,Active
VONE,Vanguard Russell 1000 Index ETF,NASDAQ,ETF,2010-09-22,,Active
VONG,Vanguard Russell 1000 Growth Index ETF,NASDAQ,ETF,2010-09-22,,Active
VONV,Vanguard Russell 1000 Value Index ETF,NASDAQ,ETF,2010-09-22,,Active
VPN,Global X Data Center REITs & Digital Infrastructure ETF,NASDAQ,ETF,2020-10-29,,Active
VPV,Invesco Pennsylvania Value Municipal Income Trust,NYSE,ETF,1994-10-27,,Active
VRIG,Invesco Variable Rate Investment Grade ETF,NASDAQ,ETF,2016-09-22,,Active
VSDA,VictoryShares Dividend Accelerator ETF,NASDAQ,ETF,2017-04-18,,Active
VSMV,VICTORYSHARES US MULTI-FACTOR MINIMUM VOLATILITY ETF ,NASDAQ,ETF,2017-06-22,,Active
VTA,Invesco Dynamic Credit Opportu,NYSE,ETF,2007-07-26,,Active
VTC,Vanguard Total Corporate Bond ETF,NASDAQ,ETF,2017-11-09,,Active
VTHR,Vanguard Russell 3000 Index ETF,NASDAQ,ETF,2010-09-22,,Active
VTIP,Vanguard Short-Term Inflation-Protected Securities Index Fund,NASDAQ,ETF,2012-10-16,,Active
VTN,Invesco Trust For Investment Grade New York Municipals,NYSE,ETF,1992-05-13,,Active
VTWG,Vanguard Russell 2000 Growth Index ETF,NASDAQ,ETF,2010-09-22,,Active
VTWO,Vanguard Russell 2000 Index ETF,NASDAQ,ETF,2010-09-22,,Active
VTWV,Vanguard Russell 2000 Value Index ETF,NASDAQ,ETF,2010-09-22,,Active
VVR,Invesco Senior Income Trust,NYSE,ETF,1998-06-24,,Active
VWOB,Vanguard Emerging Markets Government Bond ETF,NASDAQ,ETF,2013-06-04,,Active
VXUS,Vanguard Total International Stock ETF,NASDAQ,ETF,2011-01-28,,Active
VYMI,Vanguard International High Dividend Yield ETF,NASDAQ,ETF,2016-03-02,,Active
WBND,WESTERN ASSET TOTAL RETURN ETF ,NASDAQ,ETF,2018-10-04,,Active
WCBR,WISDOMTREE CYBERSECURITY FUND N/A,NASDAQ,ETF,2021-01-28,,Active
WEA,Western Asset Premier Bond Fund,NYSE,ETF,2002-03-27,,Active
WGMI,Valkyrie Bitcoin Miners ETF,NASDAQ,ETF,2022-02-08,,Active
WGRO,WISDOMTREE US GROWTH & MOMENTUM FUND NA,NASDAQ,ETF,2021-06-24,,Active
WIA,Western Asset Inflation-Linked Income Fund,NYSE,ETF,2003-09-29,,Active
WINC,WESTERN ASSET SHORT DURATION INCOME ETF ,NASDAQ,ETF,2019-02-08,,Active
WIW,Western AssetClaymore InfLkd Opp Income Fund,NYSE,ETF,2004-02-25,,Active
WIZ,Alpha Architect Merlyn.AI Bull-Rider Bear-Fighter ETF,NASDAQ,ETF,2019-10-17,,Active
WNDY,GLOBAL X WIND ENERGY ETF ,NASDAQ,ETF,2021-09-15,,Active
WOOD,BTC iShares Global Timber & Forestry ETF,NASDAQ,ETF,2008-06-25,,Active
XDNA,Kelly CRISPR & Gene Editing Technology ETF,NASDAQ,ETF,2022-01-13,,Active
XFLT,XAI Octagon Floating Rate & Alternative Income Term Trust,NYSE,ETF,2017-09-27,,Active
XT,BTC iShares Exponential Technologies ETF,NASDAQ,ETF,2015-03-24,,Active
YLDE,CLEARBRIDGE DIVIDEND STRATEGY ESG ETF ,NASDAQ,ETF,2017-05-23,,Active
ZBIO,PROSHARES ULTRAPRO SHORT NASDAQ BIOTECHNOLOGY ,NASDAQ,ETF,2015-06-23,,Active
ZGEN,THE GEN Z ETF ,NASDAQ,ETF,2021-12-16,,Active
ZTR,Virtus Total Return Fund Inc,NYSE,ETF,1989-06-30,,Active
